id,age,salary,tax,department,experience
1,23.0,0,100,HR,1
6,35.0,0,453,Finance,9
19,95.0,0,990,IT,35
2,45.0,0,444,IT,3
12,65.0,0,445,Finance,19
9,50.0,0,980,Finance,13
15,80.0,0,778,IT,23
4,29.0,2,2344,HR,5
11,60.0,0,545,HR,17
20,100.0,0,998,Finance,40
17,85.0,0,890,Finance,27
3,25.0,0,554,IT,4
13,70.0,0,555,Finance,20
22,45.0,0,66,Finance,23
